,Cersei Lannnister,Sansa.Stark,Jon.Snow,Bran.Stark,Jaime.Lannister,Samwell.Tarly,Arya.Stark,Brienne.of.Tarth,Tyrion.Lannister,Daenerys.Targaryen,Lord.Varys..The.Spider.,Ser.Bronn,Night.King,winner
1,0,0,1,1,1,1,1,1,0,1,0,1,0,Jaime Lannister
2,0,1,1,1,0,1,1,0,1,0,1,0,0,Jon Snow
3,0,1,0,1,0,1,1,1,1,0,0,1,0,Sansa Stark
4,0,1,1,1,0,1,1,0,0,0,1,1,0,Tyrion Lannister
5,0,1,1,1,1,0,0,0,1,0,1,0,0,Jon Snow
6,0,1,0,1,0,1,1,1,1,0,0,0,0,Daenerys Targaryen
7,0,1,1,1,0,1,0,1,1,0,1,0,0,Night King
8,0,1,0,1,0,1,0,0,1,0,0,1,0,Bran Stark
9,0,1,1,1,1,1,1,0,1,0,1,0,0,Jon Snow
10,0,0,1,0,1,1,0,1,0,0,1,1,0,other
11,0,0,1,1,0,0,1,0,0,1,0,0,0,Jon Snow
12,0,1,0,0,0,1,1,1,0,0,1,1,0,Jon Snow
13,0,1,0,1,0,1,1,1,0,0,0,1,0,Bran Stark
14,0,1,1,1,0,1,1,1,1,0,1,0,0,Arya Stark
15,0,1,1,1,0,1,1,0,0,0,0,0,0,Tyrion Lannister
16,0,1,1,1,0,1,0,0,1,0,0,0,0,Sansa Stark
17,0,1,1,0,1,1,0,1,0,0,1,1,0,Sansa Stark
18,0,0,1,1,1,1,0,0,1,0,0,0,0,Tyrion Lannister
19,0,1,1,1,0,1,1,1,0,0,0,0,0,Jon Snow
20,1,1,1,0,0,1,1,0,1,1,1,1,0,Cersei Lannnister
21,1,0,0,1,0,0,1,1,1,1,1,0,0,Tyrion Lannister
22,1,1,1,1,0,1,1,0,1,0,1,0,0,Arya Stark
23,0,0,1,1,0,0,0,0,1,0,1,1,0,Jon Snow
24,0,0,1,1,0,1,1,0,0,1,0,0,0,Bran Stark
25,1,1,0,0,0,1,0,0,0,1,1,0,0,Daenerys Targaryen
26,1,0,0,1,0,0,1,0,1,0,0,0,0,Jon Snow
27,0,1,0,1,0,1,1,1,1,0,0,0,0,Jon Snow
28,0,1,0,1,1,1,1,0,1,0,0,0,0,Jon Snow
29,0,1,1,1,0,1,1,1,1,1,1,1,0,Jon Snow
30,0,1,1,0,1,0,1,0,1,0,0,1,0,Jon Snow
31,0,1,1,0,0,1,0,0,1,1,1,0,1,Arya Stark
32,0,1,0,0,1,0,1,1,1,0,1,0,0,Jaime Lannister
33,0,1,1,0,0,1,1,1,1,1,1,0,1,Cersei Lannnister
34,0,1,1,0,0,1,1,1,0,0,1,1,0,Arya Stark
35,0,1,1,0,1,1,1,1,1,0,1,0,0,Bran Stark
36,0,0,1,0,1,1,0,0,1,0,1,0,1,Tyrion Lannister
37,0,1,1,0,0,1,1,1,1,0,1,1,1,Jon Snow
38,0,1,1,0,1,0,1,1,1,0,0,0,1,Night King
39,0,0,1,0,0,0,1,1,1,1,1,0,0,Jon Snow
40,0,0,0,0,1,0,1,1,1,0,1,1,0,Night King
41,0,1,1,0,1,0,1,0,1,1,1,1,0,Sansa Stark
42,0,1,0,0,1,1,0,0,1,1,1,0,0,Jon Snow
43,1,1,1,0,0,1,1,0,1,1,1,0,0,Daenerys Targaryen
44,0,1,0,0,0,1,1,0,1,0,1,1,1,Jon Snow
45,0,1,0,0,0,1,1,0,1,0,1,1,0,Daenerys Targaryen
46,0,0,1,0,1,1,1,1,1,0,0,1,1,Night King
47,0,1,1,0,0,1,1,1,1,1,0,1,1,Night King
48,0,1,1,0,0,1,1,0,1,0,1,0,0,Daenerys Targaryen
49,1,1,1,0,0,1,1,1,1,0,1,1,0,Night King
50,0,1,1,0,1,1,0,0,1,0,1,1,1,Jon Snow
51,0,1,1,0,1,1,1,1,1,1,1,0,1,Daenerys Targaryen
52,1,1,1,0,1,1,1,1,0,0,1,1,1,Jon Snow
53,0,1,1,0,0,0,1,0,1,1,1,1,1,Arya Stark
54,0,1,1,0,0,1,1,0,1,1,1,0,1,Tyrion Lannister
55,0,1,1,0,0,1,1,0,1,0,1,1,0,Night King
56,0,1,0,0,0,1,0,1,1,0,1,0,0,Night King
57,1,1,1,0,0,0,1,1,1,1,1,0,1,Tyrion Lannister
58,0,0,1,0,1,1,0,1,1,0,0,0,0,Daenerys Targaryen
59,0,1,0,0,1,1,0,1,1,0,1,1,0,Arya Stark
60,0,1,1,0,1,1,1,1,1,1,1,1,1,Arya Stark
61,0,0,1,0,1,1,1,1,1,0,1,1,0,Arya Stark
62,0,1,1,0,0,1,0,1,1,0,1,0,0,Jon Snow
63,0,1,1,0,1,1,1,0,1,1,1,1,0,Arya Stark
64,0,1,1,0,0,1,1,0,1,1,1,0,0,Tyrion Lannister
65,1,1,1,0,0,0,1,1,1,0,1,1,0,Daenerys Targaryen
66,0,1,1,0,1,1,1,0,1,1,0,0,0,Sansa Stark
67,0,0,1,0,1,1,1,0,1,0,0,1,0,Jon Snow
68,0,1,1,0,1,0,1,1,1,0,1,0,1,Jon Snow
69,0,0,0,0,0,1,1,1,0,0,0,1,0,Daenerys Targaryen
70,0,0,1,0,1,0,0,0,1,0,1,1,0,Daenerys Targaryen
71,0,1,1,0,1,1,1,1,1,1,0,0,1,Daenerys Targaryen
72,1,0,1,0,1,1,0,1,1,1,1,1,0,Jon Snow
73,0,1,1,0,1,0,0,1,0,0,1,1,0,Daenerys Targaryen
74,0,1,1,0,1,1,1,1,1,1,1,0,1,Daenerys Targaryen
75,0,1,1,0,0,1,1,1,1,0,1,1,0,Arya Stark
76,0,1,0,0,1,0,0,1,0,1,1,1,1,Night King
77,0,1,1,0,1,0,1,1,1,0,1,0,0,Daenerys Targaryen
78,0,1,1,0,1,1,1,1,1,1,1,1,0,Daenerys Targaryen
79,1,1,1,0,1,1,1,0,1,0,1,0,0,Daenerys Targaryen
80,0,1,1,0,1,0,1,0,1,0,1,1,1,Cersei Lannnister
81,0,1,1,0,1,1,1,0,1,1,1,0,1,Sansa Stark
82,0,0,1,0,1,1,1,1,1,1,1,1,0,Bran Stark
83,0,1,1,0,1,1,1,1,1,1,0,1,0,Jon Snow
84,0,1,1,0,1,1,0,1,1,0,1,1,1,Night King
85,0,1,1,0,0,1,1,0,1,1,1,1,0,Bran Stark
86,1,1,0,0,1,0,0,1,1,0,1,1,0,Night King
87,0,1,1,0,0,1,1,1,1,1,1,0,0,Sansa Stark
88,1,1,1,0,0,0,1,1,1,0,1,1,0,Jon Snow
89,1,1,1,0,0,1,0,1,1,0,1,1,0,Jon Snow
90,1,1,1,0,0,1,1,1,1,1,0,0,0,Sansa Stark
91,0,1,1,0,1,1,1,1,1,0,1,0,0,Arya Stark
92,1,1,1,0,0,1,1,1,0,0,0,1,0,Arya Stark
93,0,1,1,0,1,1,1,1,1,0,0,1,0,Daenerys Targaryen
94,0,0,1,0,0,0,1,1,1,1,1,1,0,Daenerys Targaryen
95,0,0,1,0,0,1,1,0,1,1,0,0,1,Jon Snow
96,1,1,0,0,1,1,1,0,1,1,1,0,0,Tyrion Lannister
97,0,1,1,0,0,0,1,1,1,0,1,1,0,Night King
98,1,0,1,0,0,1,1,1,1,0,1,1,0,Tyrion Lannister
99,0,1,1,0,1,1,1,0,1,1,0,1,0,Daenerys Targaryen
100,1,0,1,0,1,0,1,1,1,0,1,0,0,Tyrion Lannister
101,0,0,0,0,1,1,1,1,1,0,1,1,0,Sansa Stark
102,0,0,1,0,0,1,1,0,0,1,1,1,1,Daenerys Targaryen
103,1,1,0,0,1,0,1,1,0,1,1,1,1,Tyrion Lannister
104,0,1,1,0,0,1,1,1,1,0,1,1,1,Daenerys Targaryen
105,0,1,1,0,0,1,0,1,1,1,1,0,1,Arya Stark
106,0,1,1,0,0,1,1,0,1,0,0,1,0,Night King
107,0,1,0,0,0,1,0,1,1,0,1,0,0,Cersei Lannnister
108,0,1,1,0,0,1,1,1,1,0,1,1,0,Night King
109,0,1,1,0,0,1,1,1,1,0,1,0,1,Arya Stark
110,0,1,1,0,1,0,1,1,1,0,1,1,1,Jaime Lannister
111,0,0,0,0,1,0,1,1,1,0,1,0,0,Arya Stark
112,0,1,0,0,0,1,0,0,1,1,1,0,1,Tyrion Lannister
113,0,1,1,0,0,1,1,1,1,1,1,1,0,Daenerys Targaryen
114,1,0,1,0,1,1,1,1,1,0,1,1,0,Tyrion Lannister
115,0,1,1,0,1,1,1,1,1,0,1,1,0,Jon Snow
116,1,1,1,0,1,1,0,1,0,0,0,0,0,Cersei Lannnister
117,0,1,1,0,0,1,1,1,0,0,1,0,0,Jon Snow
118,1,1,0,0,0,1,1,0,1,1,1,0,0,Tyrion Lannister
119,0,1,1,0,1,1,1,1,0,0,1,0,0,other
120,0,1,1,0,1,1,1,1,1,0,1,1,0,Daenerys Targaryen
121,0,1,1,0,0,1,1,0,1,0,1,0,0,Night King
122,0,1,0,0,0,1,1,1,0,1,1,1,0,Daenerys Targaryen
123,1,1,1,0,0,0,1,1,1,0,0,1,0,Jaime Lannister
124,1,1,0,0,0,0,1,1,1,0,0,1,1,Jon Snow
125,0,1,1,0,1,1,0,0,1,1,1,0,0,Jon Snow
126,0,0,1,0,0,1,1,1,1,0,1,1,0,Cersei Lannnister
127,0,1,1,0,1,1,1,0,1,0,0,0,1,Night King
128,1,1,1,0,0,1,1,1,1,1,1,1,0,Jon Snow
129,0,1,1,0,1,1,1,0,1,1,1,0,1,Daenerys Targaryen
130,1,1,1,0,0,1,1,1,1,1,0,0,0,Daenerys Targaryen
131,0,0,1,0,1,1,0,0,1,1,1,0,0,Cersei Lannnister
132,0,1,1,0,0,1,1,0,1,1,1,0,0,Tyrion Lannister
133,0,1,1,0,0,1,0,1,0,1,1,0,0,Jon Snow
134,0,0,1,0,0,1,1,1,1,1,1,1,0,Jon Snow
135,0,1,1,0,0,1,1,1,0,1,0,1,1,Bran Stark
136,0,0,1,0,0,0,1,0,1,1,1,0,0,Bran Stark
137,0,1,1,0,0,1,1,1,1,1,1,1,0,Jaime Lannister
138,0,1,1,0,1,1,1,1,1,0,0,0,0,Daenerys Targaryen
139,0,1,0,0,0,1,1,1,1,0,1,1,0,Daenerys Targaryen
140,0,1,1,0,1,0,1,1,1,0,1,0,1,Cersei Lannnister
141,0,0,1,0,0,0,1,1,1,1,1,1,0,Jon Snow
142,0,1,1,0,1,1,1,0,1,1,1,1,0,Jon Snow
143,0,1,1,0,0,1,1,1,1,1,0,1,0,Arya Stark
144,1,0,1,0,0,1,1,1,1,1,1,0,0,Tyrion Lannister
145,0,1,1,0,1,1,1,1,1,1,1,1,1,Sansa Stark
146,0,1,0,0,0,1,1,1,1,0,1,1,0,Jon Snow
147,0,1,0,0,1,0,1,1,1,0,1,1,0,Night King
148,0,1,1,0,1,1,1,0,1,1,0,1,0,Daenerys Targaryen
149,1,1,1,0,0,1,1,0,1,1,1,1,1,Jon Snow
150,0,1,1,0,0,1,1,1,1,0,1,1,0,Jon Snow
151,1,1,1,0,1,0,1,1,1,0,1,1,0,Jon Snow
152,0,1,1,0,0,1,1,1,1,0,1,1,1,Jon Snow
153,0,1,1,0,1,1,0,1,0,0,1,1,0,Jon Snow
154,0,1,1,0,0,0,1,1,1,0,1,0,1,Bran Stark
155,0,1,1,0,1,1,1,1,1,0,1,1,0,Night King
156,0,0,1,0,1,1,1,1,1,1,0,0,1,Arya Stark
157,0,1,1,0,1,1,1,0,1,1,1,0,0,Jon Snow
158,0,1,1,0,1,1,1,0,1,0,0,1,1,Cersei Lannnister
159,0,1,1,0,0,1,1,1,1,1,1,1,0,Jon Snow
160,0,1,0,0,1,0,1,1,1,1,0,1,0,Jon Snow
161,0,1,0,0,1,1,1,0,1,0,1,0,0,Jon Snow
162,0,1,1,0,1,0,1,1,0,0,1,1,1,Night King
163,0,1,1,0,1,1,1,1,1,1,1,0,0,Jon Snow
164,0,1,1,0,0,0,1,0,1,0,1,1,0,Jon Snow
165,0,1,1,0,0,1,0,0,1,0,1,1,1,Tyrion Lannister
166,1,0,0,0,1,1,1,1,1,0,0,0,1,Jon Snow
167,1,1,1,0,1,1,1,0,1,0,1,1,0,Tyrion Lannister
168,0,0,1,0,1,0,1,1,1,0,1,1,0,Cersei Lannnister
169,0,1,1,0,1,1,1,0,1,1,1,0,0,Jon Snow
170,1,1,1,0,0,1,1,1,1,0,1,1,0,Sansa Stark
171,0,1,1,0,1,1,1,1,1,0,1,1,0,Jon Snow
172,0,1,1,0,0,1,1,1,1,0,1,1,0,Jon Snow
173,0,1,1,0,1,1,1,1,1,0,0,1,0,Night King
174,0,1,1,0,0,1,1,1,1,1,1,0,0,Tyrion Lannister
175,1,1,1,0,1,1,1,0,1,0,1,1,0,Jon Snow
176,0,0,1,0,0,1,1,0,0,0,1,1,0,Arya Stark
177,1,0,1,0,1,1,1,1,1,1,1,1,0,Daenerys Targaryen
178,0,1,1,0,0,0,1,1,1,0,1,0,1,Tyrion Lannister
179,0,1,1,0,0,1,1,1,1,0,1,1,0,Cersei Lannnister
180,0,1,1,0,0,0,1,0,1,0,0,1,0,Tyrion Lannister
181,0,1,1,0,0,1,1,1,1,0,1,0,0,Arya Stark
182,1,1,1,0,0,0,1,1,0,0,0,0,1,Daenerys Targaryen
183,1,0,1,0,0,1,0,0,1,0,0,1,0,Jaime Lannister
184,0,1,1,0,1,0,1,0,1,1,1,0,1,Sansa Stark
185,0,1,0,0,0,1,1,1,1,0,0,1,1,Jon Snow
186,1,1,1,0,1,1,1,0,1,0,1,1,0,Tyrion Lannister
187,0,1,1,0,0,1,1,0,1,0,0,0,1,Sansa Stark
188,0,1,1,0,0,1,1,0,1,1,1,1,1,Daenerys Targaryen
189,0,1,1,0,0,0,1,0,1,0,1,0,0,Jon Snow
190,0,0,1,0,1,0,1,0,1,1,1,1,1,Bran Stark
191,0,1,1,0,0,0,1,1,0,0,1,0,0,Sansa Stark
192,0,1,1,0,1,1,1,0,1,0,1,0,0,Tyrion Lannister
193,1,1,1,0,0,1,1,0,0,1,0,1,0,Night King
194,0,1,0,0,1,1,1,0,1,1,1,1,0,Tyrion Lannister
195,0,1,1,0,1,1,1,1,1,0,1,1,0,Sansa Stark
196,0,1,1,0,1,1,1,0,1,0,1,1,0,Cersei Lannnister
197,0,0,1,0,0,1,1,0,1,1,1,1,0,Arya Stark
198,0,1,1,0,1,1,1,1,1,1,0,1,0,Jon Snow
199,1,1,0,0,1,1,1,0,1,1,1,1,0,Arya Stark
200,1,0,1,0,1,1,1,1,1,0,1,0,0,other
201,0,0,1,0,1,1,1,1,1,0,1,1,1,Jon Snow
202,0,1,1,0,0,1,1,0,1,1,1,1,0,Jon Snow
203,0,1,1,0,0,1,1,0,1,0,0,1,0,Jon Snow
204,1,1,1,0,1,1,1,1,0,0,1,0,1,Daenerys Targaryen
205,0,1,1,0,1,1,1,1,0,0,1,0,1,Arya Stark
206,0,1,1,0,1,0,1,1,1,0,1,0,0,Sansa Stark
207,0,1,1,0,1,1,1,1,1,0,1,0,0,Daenerys Targaryen
208,0,1,1,0,1,0,0,0,1,1,1,0,0,Tyrion Lannister
209,0,0,1,0,1,0,0,1,1,1,1,0,0,Tyrion Lannister
210,0,1,1,0,0,1,1,1,1,0,1,0,0,Jon Snow
211,0,0,1,0,1,1,1,0,1,0,1,1,1,Bran Stark
212,0,1,0,0,1,1,0,1,1,1,0,1,0,Jon Snow
213,0,0,1,0,1,0,1,0,1,1,1,0,1,Daenerys Targaryen
214,0,1,1,0,0,0,1,1,1,1,0,0,1,Cersei Lannnister
215,0,0,0,0,0,1,1,0,1,0,0,0,0,Cersei Lannnister
216,0,1,0,0,0,0,1,1,1,0,1,0,1,Jon Snow
217,1,1,1,0,0,0,1,1,1,1,0,0,0,Daenerys Targaryen
218,0,1,1,0,0,0,1,1,1,0,0,0,0,Tyrion Lannister
219,0,1,1,0,0,0,1,1,1,1,1,0,0,Night King
220,0,1,1,0,0,1,1,0,1,0,1,0,0,Tyrion Lannister
221,0,1,0,0,0,1,0,0,1,1,1,0,0,Cersei Lannnister
222,0,1,1,0,1,0,0,1,1,0,1,1,0,Night King
223,0,1,1,0,0,1,1,0,1,0,0,1,1,Jon Snow
224,0,1,1,0,1,0,1,0,1,1,1,1,0,Daenerys Targaryen
225,0,1,1,0,0,1,1,0,1,0,1,1,0,Jon Snow
226,0,1,1,0,1,1,1,0,1,0,0,0,0,Arya Stark
227,1,1,1,0,0,1,1,1,0,0,1,1,0,Cersei Lannnister
228,0,1,0,0,1,1,1,0,1,0,1,1,0,Sansa Stark
229,0,1,1,0,1,1,1,1,1,1,0,1,1,Night King
230,0,1,1,0,0,1,1,1,1,0,1,1,0,Tyrion Lannister
231,0,1,1,0,1,1,0,1,0,0,1,1,1,Daenerys Targaryen
232,0,1,1,0,0,1,1,1,1,0,1,1,0,Tyrion Lannister
233,0,1,1,0,1,1,1,1,1,1,1,1,0,Night King
234,0,1,0,0,0,0,1,1,1,1,1,1,0,Bran Stark
235,1,1,0,0,1,1,1,0,1,0,1,0,0,Daenerys Targaryen
236,0,1,1,0,0,1,1,1,1,0,1,1,0,Jon Snow
237,0,1,1,0,1,1,1,1,1,0,1,0,1,Night King
238,1,0,1,0,1,1,1,0,0,0,1,1,1,Jon Snow
239,0,1,0,0,1,1,1,1,0,1,1,0,0,Jon Snow
240,1,1,1,0,1,1,1,1,1,0,0,1,0,Arya Stark
241,0,1,1,0,0,1,1,1,1,0,1,1,1,Arya Stark
242,0,0,1,0,0,1,0,0,0,1,1,0,1,Bran Stark
243,0,1,1,0,0,1,0,1,1,0,1,0,0,Tyrion Lannister
244,0,1,1,0,0,0,0,1,1,0,1,1,0,Tyrion Lannister
245,0,1,1,0,1,0,1,1,1,0,1,0,0,Daenerys Targaryen
246,1,1,1,0,1,1,1,0,1,1,1,0,1,Cersei Lannnister
247,0,1,1,0,1,1,1,1,1,0,0,1,0,Daenerys Targaryen
248,0,1,1,0,0,1,1,1,0,1,1,1,0,Tyrion Lannister
249,0,0,1,0,1,1,1,0,1,0,1,1,1,Tyrion Lannister
250,0,1,1,0,1,1,0,1,1,0,1,1,1,Tyrion Lannister
251,0,1,1,0,0,0,1,0,1,0,0,1,0,Sansa Stark
252,1,1,0,0,1,0,1,0,1,0,1,1,0,Cersei Lannnister
253,0,0,1,0,1,1,1,1,1,0,1,1,1,Jon Snow
254,0,0,0,0,0,0,1,1,1,0,1,1,0,Cersei Lannnister
255,0,0,1,0,1,1,1,1,1,1,0,0,1,Sansa Stark
256,1,1,1,0,0,1,1,0,1,1,1,1,0,Cersei Lannnister
257,1,1,0,0,0,1,1,1,1,0,0,0,0,Sansa Stark
258,0,1,1,0,0,1,0,0,1,0,0,0,0,Daenerys Targaryen
259,0,1,1,0,0,0,1,1,0,0,1,1,0,Sansa Stark
260,0,1,1,0,0,1,1,1,1,1,1,0,0,Jon Snow
261,1,1,1,0,1,1,1,1,1,1,1,1,0,Night King
262,0,1,1,0,0,0,1,0,0,0,1,0,0,Daenerys Targaryen
263,0,0,1,0,1,1,1,1,1,0,1,0,0,Jon Snow
264,1,1,1,0,1,1,1,1,0,0,1,1,0,Tyrion Lannister
265,1,1,0,0,0,1,1,1,1,0,0,1,1,Sansa Stark
266,1,1,1,0,1,1,1,0,1,0,1,1,0,Cersei Lannnister
267,0,0,1,0,1,1,1,0,1,0,1,1,0,Night King
268,0,0,0,0,0,1,1,0,0,1,1,1,0,Jon Snow
269,0,1,1,0,1,0,1,0,1,0,1,0,1,Daenerys Targaryen
270,0,1,1,0,0,1,1,1,1,0,1,0,0,Tyrion Lannister
271,1,0,1,0,1,1,1,1,1,0,1,1,0,Arya Stark
272,0,1,1,0,1,0,1,1,0,0,1,1,0,Cersei Lannnister
273,0,1,0,0,0,1,1,1,1,0,1,0,0,Sansa Stark
274,0,0,1,0,1,1,1,1,1,0,1,0,0,Jon Snow
275,0,0,1,0,0,0,1,0,1,0,1,1,0,Daenerys Targaryen
276,0,1,1,0,0,0,1,1,1,1,0,1,0,Bran Stark
277,0,1,1,0,0,1,1,1,1,1,1,1,1,Daenerys Targaryen
278,0,1,1,0,0,1,0,1,0,1,0,1,0,Arya Stark
279,0,1,1,0,0,1,1,1,1,0,1,1,1,Arya Stark
280,0,1,1,0,1,1,1,1,1,1,1,0,0,Night King
281,0,1,1,0,0,0,1,1,1,1,0,1,0,Daenerys Targaryen
282,0,1,1,0,1,1,1,1,0,0,1,1,0,Jon Snow
283,0,1,1,0,1,1,1,1,1,1,0,0,1,Jon Snow
284,0,0,1,0,1,1,1,1,1,0,1,0,0,Jon Snow
285,0,1,1,0,0,1,1,0,1,0,0,1,0,Cersei Lannnister
286,1,1,1,0,1,1,1,1,1,1,1,1,1,Jon Snow
287,0,1,0,0,0,1,0,0,1,0,1,1,0,Daenerys Targaryen
288,0,1,1,0,1,1,1,1,1,1,1,1,0,Cersei Lannnister
289,0,0,1,0,1,0,1,1,1,1,1,1,0,Sansa Stark
290,1,1,1,0,0,1,1,0,1,0,1,1,0,Jon Snow
291,0,1,1,0,1,1,1,1,1,0,0,1,0,Jon Snow
292,0,1,1,0,1,1,1,1,1,0,0,1,1,Night King
293,0,1,1,0,1,1,1,1,1,0,1,0,0,Arya Stark
294,0,0,1,0,0,1,1,1,1,1,1,1,1,Daenerys Targaryen
295,0,1,0,0,1,1,1,1,1,1,0,1,0,Jon Snow
296,1,1,1,0,0,1,0,0,1,0,0,1,1,Sansa Stark
297,0,1,1,0,0,1,1,1,1,1,1,0,1,Cersei Lannnister
298,0,1,0,0,0,1,1,0,1,0,1,1,0,Tyrion Lannister
299,0,1,1,0,1,0,1,1,1,1,1,1,1,Cersei Lannnister
300,0,1,0,0,1,1,1,1,1,0,1,1,0,Arya Stark
301,1,1,0,0,0,1,1,0,1,1,0,1,0,Night King
302,0,0,1,0,1,1,1,1,1,1,1,0,0,Jon Snow
303,0,1,1,0,0,1,1,1,0,1,1,1,1,Sansa Stark
304,0,1,1,0,1,1,0,1,1,1,0,0,1,Bran Stark
305,0,1,1,0,1,1,1,1,1,0,1,0,0,Cersei Lannnister
306,0,1,1,0,1,1,1,0,1,1,0,1,0,Sansa Stark
307,0,1,1,0,1,1,1,0,1,1,1,0,0,Daenerys Targaryen
308,0,1,0,0,1,0,1,1,1,1,0,1,0,Night King
309,0,1,0,1,0,1,0,1,1,1,1,1,0,Daenerys Targaryen
310,1,1,1,1,1,1,0,1,1,0,1,1,0,Jon Snow
311,0,0,1,1,0,1,1,1,1,0,0,1,0,Arya Stark
312,0,1,0,0,1,1,0,0,1,1,1,0,0,Arya Stark
313,1,1,1,1,0,1,1,1,1,0,1,1,0,Tyrion Lannister
314,1,0,1,1,0,0,1,1,1,0,1,0,0,Daenerys Targaryen
315,0,0,0,1,1,1,1,1,1,1,1,1,0,Night King
316,0,1,0,1,0,1,1,0,1,0,1,0,0,Daenerys Targaryen
317,0,1,0,1,0,1,1,0,0,1,1,1,0,Jon Snow
318,1,1,1,1,0,0,1,0,1,0,1,1,0,Daenerys Targaryen
319,0,0,1,1,1,0,0,1,0,0,1,1,1,Tyrion Lannister
320,1,0,1,0,0,1,1,1,1,0,0,1,1,Tyrion Lannister
321,1,1,1,1,1,0,1,0,1,0,1,1,0,Daenerys Targaryen
322,0,1,1,0,1,1,0,1,1,0,1,1,0,Jon Snow
323,0,1,1,1,1,1,0,1,0,0,0,1,0,Jaime Lannister
324,0,1,0,0,0,1,1,0,1,1,1,1,0,Daenerys Targaryen
325,0,0,1,0,1,0,0,0,1,0,1,0,0,Sansa Stark
326,1,1,1,1,0,0,1,1,1,1,1,0,0,Jon Snow
327,0,1,1,1,1,1,0,1,1,0,1,1,0,Jon Snow
328,0,1,0,1,0,0,1,1,0,0,1,0,1,Tyrion Lannister
329,0,0,1,1,0,0,0,1,1,0,1,0,0,Cersei Lannnister
330,1,1,1,1,1,1,0,1,1,0,0,1,0,other
331,1,1,1,1,1,1,1,1,1,0,0,1,1,Night King
332,0,1,1,1,0,0,0,1,1,1,0,1,1,Jon Snow
333,0,0,1,1,0,0,1,0,1,1,1,0,0,other
334,0,1,1,1,0,0,0,1,1,1,0,0,0,Tyrion Lannister
335,1,1,1,1,1,1,1,1,1,1,1,1,0,Night King
336,0,1,1,0,1,1,1,1,1,1,0,1,1,Night King
337,0,1,1,1,0,1,1,1,1,0,0,1,0,Daenerys Targaryen
338,0,1,1,1,1,1,1,1,1,0,0,1,0,Daenerys Targaryen
339,1,1,1,0,0,1,1,1,1,0,1,1,1,Bran Stark
340,0,1,1,1,1,0,1,1,1,0,0,0,1,Jon Snow
341,0,0,1,1,1,1,0,0,1,0,1,1,0,Night King
342,0,1,0,1,0,1,1,0,0,1,1,1,0,Daenerys Targaryen
343,0,1,1,1,0,1,1,1,1,1,0,1,0,Arya Stark
344,0,1,1,1,1,1,1,1,1,0,0,1,0,Daenerys Targaryen
345,1,1,1,1,1,1,1,0,1,0,1,1,1,Jon Snow
346,0,1,1,1,0,1,0,0,1,1,1,1,1,Cersei Lannnister
347,0,1,1,1,0,1,1,1,0,0,0,1,0,Cersei Lannnister
348,0,1,1,1,0,1,1,1,0,0,1,1,1,Jon Snow
349,0,1,1,0,0,1,1,0,1,1,0,1,0,Arya Stark
350,0,1,0,1,0,1,1,1,1,0,1,1,0,Tyrion Lannister
351,1,1,1,1,1,1,0,1,1,1,0,1,0,Cersei Lannnister
352,0,1,1,1,1,1,1,1,1,0,1,1,0,Jon Snow
353,0,1,1,1,0,1,1,0,0,0,1,0,1,Daenerys Targaryen
354,0,1,1,1,0,1,1,1,0,0,1,1,1,Daenerys Targaryen
355,0,1,0,1,1,1,1,1,1,0,1,0,1,Sansa Stark
356,1,1,1,0,0,1,1,0,1,0,1,0,1,Tyrion Lannister
357,0,1,1,1,1,0,1,1,1,1,1,1,0,Daenerys Targaryen
358,0,1,1,1,0,1,0,1,1,1,1,1,0,Bran Stark
359,0,1,1,1,0,1,1,0,1,0,1,1,0,Jon Snow
360,0,1,1,1,0,1,1,0,1,0,1,0,1,Tyrion Lannister
361,1,1,1,1,1,1,1,0,1,0,1,1,0,Jon Snow
362,0,1,1,1,1,1,1,1,1,0,0,0,0,Jon Snow
363,0,1,1,1,1,1,1,1,0,1,1,0,1,Cersei Lannnister
364,1,0,1,1,0,1,1,0,1,0,1,0,0,Arya Stark
365,0,1,1,1,0,1,1,0,1,0,1,0,0,Jon Snow
366,0,0,1,0,0,0,1,1,1,1,1,1,0,Jon Snow
367,0,0,1,1,0,1,1,1,1,0,1,1,0,Jon Snow
368,0,0,0,1,1,0,1,0,1,0,1,1,1,Tyrion Lannister
369,0,1,0,1,1,1,1,1,1,0,1,1,1,Tyrion Lannister
370,0,1,1,1,0,1,1,1,1,0,1,1,0,Daenerys Targaryen
371,0,1,1,1,1,1,0,1,1,1,0,1,1,Daenerys Targaryen
372,0,1,1,1,0,1,1,1,1,0,1,0,0,Night King
373,0,1,1,1,1,1,1,0,1,1,1,1,0,Jon Snow
374,0,1,1,1,1,1,1,0,1,0,1,1,1,Jon Snow
375,0,0,0,1,1,1,0,1,1,0,1,0,0,Tyrion Lannister
376,0,1,1,0,0,0,0,1,1,0,1,0,0,Sansa Stark
377,0,1,1,1,1,1,1,1,1,1,1,0,1,Arya Stark
378,0,1,1,1,0,1,1,1,1,0,0,1,0,Arya Stark
379,1,1,1,1,1,1,1,1,1,0,1,1,0,Daenerys Targaryen
380,0,1,0,1,1,0,1,1,1,0,1,1,0,Tyrion Lannister
381,1,1,0,0,0,0,0,1,1,0,0,1,0,Sansa Stark
382,0,0,0,1,0,0,1,0,1,0,0,1,1,Daenerys Targaryen
383,1,1,1,0,1,1,1,0,1,0,0,1,0,Daenerys Targaryen
384,1,1,1,1,0,1,1,0,1,1,1,0,0,Jon Snow
385,1,0,1,1,0,1,0,1,1,1,1,1,1,Jon Snow
386,0,0,0,1,1,1,1,1,1,0,0,0,0,Cersei Lannnister
387,0,1,1,0,0,1,1,0,1,0,1,1,0,Sansa Stark
388,1,1,0,1,0,1,1,0,1,0,1,1,0,Sansa Stark
389,1,1,1,1,1,1,0,1,1,0,1,1,0,Bran Stark
390,0,1,1,1,0,0,1,1,1,0,1,1,0,Tyrion Lannister
391,1,1,0,0,1,1,1,0,1,1,1,0,1,Jon Snow
392,0,1,0,0,1,1,1,1,1,0,0,1,0,Arya Stark
393,0,1,1,1,0,1,1,1,1,0,1,1,0,Jaime Lannister
394,0,1,1,1,1,1,1,0,1,1,0,1,0,Cersei Lannnister
395,1,1,0,1,1,1,0,0,1,1,1,1,0,Bran Stark
396,0,1,1,1,0,1,1,1,1,0,1,0,0,Night King
397,0,1,1,1,0,1,1,0,1,0,0,1,0,Bran Stark
398,0,0,1,0,0,0,1,0,1,0,1,0,1,Jon Snow
399,1,1,0,1,1,1,1,1,1,1,1,1,0,Jon Snow
400,0,1,1,1,0,1,1,1,1,0,0,1,1,Daenerys Targaryen
401,0,1,1,1,0,1,1,1,1,0,1,0,0,Sansa Stark
402,0,1,1,0,0,1,0,0,1,0,1,1,0,Arya Stark
403,0,1,0,1,0,1,1,1,1,1,0,0,0,Daenerys Targaryen
404,1,1,1,0,0,1,0,0,1,0,0,1,0,Night King
405,0,0,1,1,1,0,1,0,1,1,0,1,0,Night King
406,0,1,1,1,1,1,1,1,1,1,1,1,0,Tyrion Lannister
407,0,0,1,1,0,0,1,1,1,1,0,1,0,Cersei Lannnister
408,0,0,1,1,0,1,1,0,1,0,0,1,1,Tyrion Lannister
409,0,0,1,1,0,1,1,1,1,0,0,1,0,Cersei Lannnister
410,0,1,0,1,0,1,1,1,1,0,1,0,0,Arya Stark
411,0,1,1,1,0,1,0,0,1,1,1,0,0,Tyrion Lannister
412,0,1,1,1,0,0,1,1,1,0,0,1,0,other
413,0,1,1,1,1,0,1,0,1,1,1,0,1,Sansa Stark
414,1,1,1,1,0,1,0,0,1,1,1,1,0,Arya Stark
415,0,0,1,1,0,0,1,0,1,0,0,0,0,Daenerys Targaryen
416,0,1,1,1,1,1,1,1,1,0,1,0,1,Cersei Lannnister
417,0,1,1,1,1,1,1,0,1,0,1,1,0,Night King
418,0,1,1,1,0,1,1,1,1,0,1,1,0,Tyrion Lannister
419,0,1,1,0,1,1,1,0,1,1,1,1,1,Jon Snow
420,0,1,1,1,0,1,1,1,1,1,0,1,0,Jon Snow
421,1,1,1,1,1,0,1,1,1,1,1,0,1,Daenerys Targaryen
422,1,0,1,1,1,0,1,1,1,1,1,0,0,Cersei Lannnister
423,0,1,1,1,0,1,1,1,1,0,1,1,1,Tyrion Lannister
424,0,1,1,1,0,1,1,1,0,1,0,1,0,Jon Snow
425,0,1,0,1,1,1,1,0,1,0,1,1,0,Jon Snow
426,0,1,1,0,1,0,1,1,1,0,0,1,0,Daenerys Targaryen
427,0,0,1,0,1,0,1,1,1,0,0,0,1,Tyrion Lannister
428,0,0,1,1,1,0,1,0,1,0,0,1,1,Daenerys Targaryen
429,0,1,1,1,0,1,1,1,1,0,1,1,0,Cersei Lannnister
430,0,1,1,1,0,1,1,0,1,0,1,1,0,Bran Stark
431,0,0,0,1,1,0,1,1,1,0,1,0,0,Arya Stark
432,0,0,0,1,1,1,1,0,1,0,0,1,1,Jon Snow
433,0,0,1,1,0,1,1,0,1,1,1,1,0,Jon Snow
434,0,1,1,1,1,1,0,0,1,1,1,1,0,Jon Snow
435,0,1,1,1,0,1,1,0,1,1,1,1,0,Jon Snow
436,0,1,1,1,1,1,0,0,1,0,1,0,1,Tyrion Lannister
437,0,0,1,1,0,1,1,0,1,1,1,0,1,Arya Stark
438,1,0,1,1,1,0,1,1,1,0,1,0,0,Cersei Lannnister
439,0,1,1,1,0,0,1,0,1,0,1,1,1,Jaime Lannister
440,0,1,1,0,0,1,1,0,0,1,0,1,0,Jon Snow
441,0,1,0,0,0,1,1,0,1,1,0,1,0,Night King
442,0,0,1,1,1,1,1,1,1,0,1,0,0,Jon Snow
443,1,1,1,1,0,1,1,1,1,1,1,1,0,Jon Snow
444,1,1,1,1,0,1,1,1,1,0,1,1,1,Tyrion Lannister
445,1,1,1,1,0,1,1,1,1,0,0,0,0,Jaime Lannister
446,0,1,1,0,0,1,1,1,1,0,1,0,0,Sansa Stark
447,0,1,0,1,1,1,1,1,1,1,0,1,0,Cersei Lannnister
448,0,1,1,1,0,1,1,1,1,0,0,1,0,Jon Snow
449,0,1,1,1,1,1,0,1,1,0,0,0,1,Arya Stark
450,0,1,1,1,0,1,1,0,0,0,1,1,0,Bran Stark
451,0,1,1,1,0,1,1,0,1,0,0,1,0,Daenerys Targaryen
452,0,1,1,1,0,1,1,1,1,0,1,0,0,Daenerys Targaryen
453,1,1,1,1,1,1,1,1,0,0,0,0,1,Tyrion Lannister
454,0,1,1,1,1,1,1,0,1,1,0,0,0,Bran Stark
455,1,1,1,1,0,0,1,1,1,1,0,1,0,Jon Snow
456,0,1,1,1,1,1,1,1,1,1,1,1,0,Jon Snow
457,0,0,1,1,1,1,1,1,1,0,1,0,1,Jon Snow
458,0,1,1,1,0,0,1,1,1,1,1,0,1,Tyrion Lannister
459,0,1,0,1,1,1,1,0,1,0,1,0,0,Jon Snow
460,0,1,1,1,0,1,0,1,1,1,1,1,0,Daenerys Targaryen
461,0,1,1,1,0,0,1,0,1,0,0,1,0,Daenerys Targaryen
462,1,1,1,1,0,1,0,0,1,0,1,0,0,Cersei Lannnister
463,0,1,1,1,0,1,1,0,1,0,1,0,1,Jon Snow
464,0,1,1,1,1,0,1,1,1,0,1,1,0,other
465,0,1,1,0,0,1,1,0,1,1,0,1,0,Cersei Lannnister
466,0,1,1,1,0,1,1,1,1,0,1,0,0,Jaime Lannister
467,0,1,1,1,1,1,0,1,1,1,1,0,0,Daenerys Targaryen
468,0,1,1,1,0,1,1,0,1,0,1,1,0,Cersei Lannnister
469,0,1,0,1,0,1,1,1,0,1,1,0,0,Jon Snow
470,0,1,1,1,0,1,1,1,1,1,1,1,0,Cersei Lannnister
471,0,1,1,1,1,0,1,1,1,1,0,0,0,Jon Snow
472,0,1,1,1,0,1,1,1,1,1,1,1,1,Daenerys Targaryen
473,0,1,1,1,1,1,1,0,0,1,1,1,0,Jon Snow
474,0,0,1,0,1,1,1,1,1,1,1,0,0,Jon Snow
475,0,1,1,1,0,1,0,0,1,0,1,1,0,Sansa Stark
476,0,1,0,1,1,0,1,1,1,0,1,1,1,Jon Snow
477,1,0,1,1,0,0,1,0,1,0,0,1,0,Jon Snow
478,0,1,1,1,1,1,1,1,1,0,0,1,0,Jon Snow
479,0,1,1,0,1,0,1,0,1,0,1,1,0,Daenerys Targaryen
480,0,0,1,1,1,1,1,0,0,0,1,0,1,Night King
481,1,1,1,1,0,0,1,0,1,1,1,1,0,Jon Snow
482,1,0,1,1,0,1,1,1,1,0,1,1,0,Tyrion Lannister
483,0,1,0,1,0,1,1,0,1,0,1,0,1,Bran Stark
484,0,1,1,1,1,0,1,0,1,1,0,1,0,Jon Snow
485,1,1,1,1,0,1,1,1,1,0,1,1,0,Daenerys Targaryen
486,0,1,1,1,1,1,1,1,0,1,1,1,0,Jon Snow
487,0,0,1,1,1,1,0,0,1,0,0,0,0,Daenerys Targaryen
488,0,1,1,1,1,1,1,1,1,1,0,1,1,Daenerys Targaryen
489,0,1,1,1,0,1,1,1,1,1,1,1,0,Jon Snow
490,1,1,1,1,0,1,1,0,1,1,1,0,0,Jon Snow
491,0,0,1,1,0,0,1,1,1,0,1,0,1,Jon Snow
492,0,0,1,0,0,1,0,1,1,1,1,1,1,Cersei Lannnister
493,0,1,1,1,1,1,1,0,1,0,0,0,0,Daenerys Targaryen
494,0,1,1,1,0,1,1,1,0,1,0,1,1,Daenerys Targaryen
495,0,0,0,0,1,0,1,0,1,0,1,1,0,Night King
496,0,1,1,0,0,1,1,0,1,0,0,0,0,Arya Stark
497,0,1,1,1,0,0,1,1,1,0,1,1,0,Sansa Stark
498,0,1,1,1,1,1,1,0,0,1,0,0,0,Jon Snow
499,0,1,0,1,0,1,1,0,1,1,1,1,0,Jon Snow
500,0,1,1,1,1,1,1,1,1,0,0,1,0,Jaime Lannister
501,0,1,0,0,1,1,1,1,1,0,1,1,0,Night King
502,0,1,1,1,0,0,1,1,1,0,1,1,0,Cersei Lannnister
503,0,1,1,1,0,1,1,1,1,1,1,1,0,Bran Stark
504,1,1,0,1,0,1,1,0,1,0,0,1,0,Jon Snow
505,0,1,1,1,0,1,1,1,1,1,1,0,0,Arya Stark
506,0,1,1,1,0,1,1,1,1,0,0,1,0,Night King
507,0,1,1,1,1,1,1,1,0,0,1,1,1,Cersei Lannnister
508,0,1,1,0,1,1,1,1,1,0,1,0,0,Arya Stark
509,0,1,1,1,1,1,1,1,1,1,1,0,0,Cersei Lannnister
510,0,1,1,1,0,1,1,1,1,0,1,1,0,Night King
511,0,1,1,1,1,1,1,0,1,0,1,0,1,Jaime Lannister
512,0,1,1,1,0,0,1,1,1,0,1,0,0,Jon Snow
513,0,1,1,1,0,0,1,1,1,0,1,1,0,Daenerys Targaryen
514,0,1,1,0,0,1,1,1,0,1,0,1,0,Jon Snow
515,0,1,1,0,0,1,1,1,1,0,1,0,1,Arya Stark
516,1,1,0,1,1,1,0,1,1,1,1,1,0,Cersei Lannnister
517,0,1,1,1,1,1,1,1,1,0,0,1,0,Bran Stark
518,0,1,1,1,0,1,1,1,1,1,1,0,1,Bran Stark
519,1,1,1,0,1,0,1,1,1,0,1,1,1,Tyrion Lannister
520,0,0,1,1,0,1,1,0,1,0,1,0,0,Jaime Lannister
521,1,1,1,1,0,0,1,1,1,1,0,1,0,Arya Stark
522,0,1,1,1,1,1,1,1,1,0,1,1,0,Tyrion Lannister
523,0,1,1,1,1,1,1,1,1,0,1,1,0,Daenerys Targaryen
524,1,1,1,1,1,1,0,0,1,1,1,0,0,Night King
525,0,1,1,1,1,1,1,1,1,0,0,1,0,Tyrion Lannister
526,0,1,1,1,1,1,1,0,0,0,1,1,0,Daenerys Targaryen
527,1,1,1,1,1,0,1,1,1,1,1,1,0,Arya Stark
528,0,0,1,1,0,1,1,1,1,0,1,1,0,Jon Snow
529,0,0,1,1,1,1,0,0,1,1,0,1,0,Jon Snow
530,0,1,1,1,0,1,1,1,1,0,1,1,0,Night King
531,0,1,1,1,0,1,1,0,1,0,1,1,0,Jon Snow
532,1,1,1,0,0,1,1,1,1,0,1,1,0,Cersei Lannnister
533,0,1,1,1,1,0,1,1,1,1,1,1,0,Cersei Lannnister
534,0,0,1,0,0,1,1,1,1,1,0,1,0,Jon Snow
535,0,1,1,1,1,1,1,0,1,0,0,1,0,Night King
536,0,1,1,1,1,0,1,0,1,0,1,1,0,Sansa Stark
537,0,1,1,0,0,1,1,1,1,0,1,0,0,Night King
538,0,1,1,1,0,1,1,0,1,0,1,0,0,Daenerys Targaryen
539,0,1,1,1,0,1,1,1,1,0,1,1,1,Bran Stark
540,1,1,1,1,0,1,1,0,1,0,0,1,0,Jon Snow
541,1,0,1,1,0,1,1,0,1,1,1,1,0,Cersei Lannnister
542,0,1,1,1,1,1,1,0,1,1,1,0,0,other
543,1,0,1,1,0,1,1,1,0,0,1,0,0,Jon Snow
544,0,1,1,1,1,1,1,1,0,1,1,1,0,Tyrion Lannister
545,0,1,1,0,0,0,1,1,1,0,1,1,0,Cersei Lannnister
546,0,0,1,1,0,1,1,0,1,0,1,1,0,Cersei Lannnister
547,0,1,1,1,0,1,1,0,1,0,0,1,0,Daenerys Targaryen
548,1,0,1,0,0,1,1,0,1,0,1,1,0,Arya Stark
549,1,0,1,1,1,0,1,1,1,0,0,0,1,Sansa Stark
550,0,1,1,1,1,1,1,1,0,0,1,0,0,Jon Snow
551,1,1,1,1,1,1,1,1,1,1,1,1,0,Tyrion Lannister
552,0,1,1,1,1,1,1,1,1,1,1,0,0,Night King
553,0,1,1,0,0,1,1,1,1,0,0,1,0,Night King
554,0,1,1,1,1,0,1,0,1,1,1,1,1,Jon Snow
555,0,1,1,1,1,0,1,1,1,0,1,0,1,Daenerys Targaryen
556,0,1,0,1,0,1,1,1,1,1,1,0,0,Jon Snow
557,1,1,1,1,0,0,1,1,1,0,0,1,0,Daenerys Targaryen
558,0,1,1,1,0,0,0,1,1,0,0,0,1,Night King
559,0,0,1,1,0,1,1,1,1,0,1,0,1,Bran Stark
560,0,0,1,1,1,1,1,0,1,0,1,1,0,Jon Snow
561,1,0,1,1,0,0,1,0,0,1,1,1,1,Tyrion Lannister
562,0,1,1,1,1,1,1,1,1,0,0,1,0,Jon Snow
563,1,1,0,1,0,1,0,1,1,1,1,0,0,Night King
564,0,1,1,1,1,1,1,0,1,1,1,1,0,Jon Snow
565,0,1,1,1,0,1,1,0,1,0,1,0,0,Arya Stark
566,0,0,1,1,0,1,1,1,1,1,1,1,0,Cersei Lannnister
567,1,1,1,0,1,1,1,1,1,0,0,1,0,Arya Stark
568,0,1,1,1,0,0,0,0,1,0,0,0,0,Jon Snow
569,0,0,1,1,0,0,1,1,1,0,0,0,0,Tyrion Lannister
570,0,1,1,1,0,1,1,1,1,1,1,0,0,Daenerys Targaryen
571,0,1,1,1,1,0,1,1,1,1,1,1,0,Cersei Lannnister
572,0,1,1,1,1,0,1,1,1,0,1,1,0,Jon Snow
573,1,1,1,1,0,0,1,1,1,0,1,0,0,Tyrion Lannister
574,0,1,1,1,1,0,0,1,1,1,1,0,1,Daenerys Targaryen
575,1,1,0,0,0,0,1,0,1,1,0,0,0,Jon Snow
576,0,1,1,1,1,1,1,1,1,0,0,0,1,Night King
577,0,1,0,1,0,1,0,0,1,1,1,1,0,Jaime Lannister
578,0,1,1,0,1,1,1,1,1,1,1,0,0,Jon Snow
579,0,1,0,1,0,1,1,0,1,0,0,1,0,Tyrion Lannister
580,0,0,1,0,1,0,1,1,1,1,1,1,0,Jon Snow
581,0,0,0,0,0,1,1,1,1,0,0,0,1,Tyrion Lannister
582,0,1,0,1,1,0,0,1,1,0,1,1,0,Tyrion Lannister
583,0,1,1,1,1,0,1,1,1,0,1,1,0,Night King
584,0,0,1,1,1,0,1,1,1,0,1,1,0,Jon Snow
585,0,0,1,1,1,1,1,0,1,1,1,0,0,Tyrion Lannister
586,0,1,1,1,0,1,1,1,1,1,0,1,0,Jon Snow
587,0,1,1,1,1,0,1,0,1,0,0,0,1,Tyrion Lannister
588,0,1,1,0,0,1,0,1,1,0,0,1,1,Jon Snow
589,0,1,1,0,0,1,1,0,1,0,1,1,1,Tyrion Lannister
590,0,1,1,1,0,1,1,0,1,1,0,1,1,Tyrion Lannister
591,0,1,1,1,1,1,1,0,1,1,1,0,0,Cersei Lannnister
592,0,1,1,0,1,1,1,1,1,0,0,1,0,Arya Stark
593,0,1,0,1,0,1,1,1,1,1,1,0,0,Jon Snow
594,1,1,0,1,0,1,1,1,1,0,0,1,0,Night King
595,0,0,1,0,0,1,1,1,1,0,0,0,0,Tyrion Lannister
596,0,1,1,0,0,1,1,0,1,0,1,1,0,Arya Stark
597,0,1,1,0,1,0,1,0,1,1,1,1,0,Tyrion Lannister
598,0,1,1,1,1,1,1,1,1,0,1,0,0,Arya Stark
599,1,1,1,1,1,0,1,1,1,0,1,0,1,Jon Snow
600,0,1,1,1,0,1,1,1,1,1,1,0,0,Arya Stark
601,0,1,0,1,0,1,1,1,1,0,1,0,0,Tyrion Lannister
602,0,1,1,1,1,1,1,1,1,0,1,1,0,Daenerys Targaryen
603,1,1,0,1,1,0,1,1,1,1,1,1,0,Jon Snow
604,0,1,1,0,1,1,1,0,1,0,1,0,1,Arya Stark
605,0,0,1,1,0,1,0,1,1,0,1,1,1,Cersei Lannnister
606,1,1,0,1,1,1,1,1,1,0,1,0,0,Arya Stark
607,0,1,1,1,0,1,0,1,1,0,1,1,0,Daenerys Targaryen
608,1,1,1,0,1,1,1,0,1,1,1,1,0,Arya Stark
609,1,1,0,1,1,1,1,1,1,0,1,1,0,Cersei Lannnister
610,1,0,1,1,0,1,1,0,1,0,1,1,1,Jon Snow
611,0,1,1,1,1,0,1,1,1,0,1,1,0,Jaime Lannister
612,0,1,1,1,0,1,1,0,1,1,0,1,1,Cersei Lannnister
613,0,1,0,1,0,1,1,1,1,0,0,1,1,Tyrion Lannister
614,1,1,1,1,0,0,1,1,1,0,0,1,0,Tyrion Lannister
615,0,1,1,1,0,1,1,1,1,0,0,0,0,Jon Snow
616,0,1,0,1,1,1,1,0,1,0,1,1,1,Jon Snow
617,0,1,1,1,1,0,1,1,1,0,1,0,0,Arya Stark
618,1,1,0,1,1,1,1,1,1,1,1,1,0,Jon Snow
619,0,1,1,1,1,1,1,1,1,0,1,0,0,Jaime Lannister
620,0,1,1,1,0,0,1,1,1,0,1,1,0,Cersei Lannnister
621,0,0,1,1,0,0,1,1,1,0,1,1,1,Jon Snow
622,0,0,1,0,1,1,1,1,1,0,1,1,0,Tyrion Lannister
623,0,1,1,1,0,1,1,1,1,0,1,1,0,Jon Snow
624,0,1,1,1,0,0,1,0,1,1,1,1,1,Jon Snow
625,0,1,1,1,1,1,1,1,1,1,1,1,0,Sansa Stark
626,0,0,1,1,0,1,1,0,1,0,1,1,0,Jon Snow
627,0,1,0,1,1,0,1,1,0,1,1,1,0,Jon Snow
628,1,0,1,1,0,1,1,0,1,1,1,1,0,Night King
629,0,0,1,1,0,1,1,1,1,0,0,1,1,Jon Snow
630,0,1,0,0,1,1,1,1,0,0,1,1,0,Sansa Stark
631,0,1,1,1,1,1,1,0,1,0,1,0,1,Jon Snow
632,0,1,1,1,0,1,1,1,1,1,1,0,1,Jon Snow
633,0,1,1,1,0,1,1,1,1,0,1,1,0,Jon Snow
634,0,1,1,1,1,1,1,1,1,0,1,0,0,Jaime Lannister
635,0,1,1,0,1,0,1,1,1,0,1,1,0,Arya Stark
636,0,1,1,1,1,1,1,0,1,0,0,1,0,Night King
637,1,1,1,1,1,1,1,1,1,0,1,1,0,Cersei Lannnister
638,1,1,1,1,0,1,1,1,1,0,1,1,0,Bran Stark
639,0,0,1,1,0,1,1,1,1,0,1,0,1,Arya Stark
640,0,1,1,1,1,1,0,1,1,0,0,1,0,Tyrion Lannister
641,0,1,1,1,1,1,1,1,1,0,1,0,1,Bran Stark
642,0,1,1,1,1,1,1,1,1,1,0,1,1,Night King
643,0,0,0,1,1,0,1,0,0,0,0,1,0,Cersei Lannnister
644,0,0,1,1,1,0,1,1,1,1,0,1,1,Jon Snow
645,0,1,1,1,1,1,1,1,1,0,1,1,0,Arya Stark
646,0,1,1,1,1,0,1,0,1,1,1,0,1,other
647,0,1,0,1,1,1,1,0,1,0,1,0,0,Cersei Lannnister
648,1,1,1,0,1,1,1,1,1,1,0,0,0,Cersei Lannnister
649,0,1,1,0,0,1,1,1,1,0,0,1,0,Jon Snow
650,0,1,1,1,1,1,1,0,1,0,1,0,1,Tyrion Lannister
651,0,1,1,1,1,1,1,1,1,0,1,1,1,Jaime Lannister
652,1,1,1,1,0,1,1,1,1,0,0,0,0,Jaime Lannister
653,0,1,1,1,0,1,1,1,1,1,1,1,0,Daenerys Targaryen
654,0,1,1,1,0,0,1,1,0,0,0,1,0,Jaime Lannister
655,0,1,1,0,1,1,1,0,1,0,0,0,0,Daenerys Targaryen
656,0,1,1,1,0,0,1,1,1,0,1,1,1,Bran Stark
657,0,1,1,1,0,1,1,0,1,0,0,1,0,Cersei Lannnister
658,1,0,1,1,0,0,1,1,1,0,1,1,1,Jon Snow
659,0,1,1,1,0,1,1,0,1,1,0,1,1,Night King
660,0,1,0,0,1,1,1,0,1,0,0,1,0,Sansa Stark
661,1,1,1,0,1,1,1,1,1,1,1,0,0,Cersei Lannnister
662,0,1,1,0,1,1,1,0,1,1,1,0,0,Arya Stark
663,0,0,1,1,1,0,1,1,0,0,1,0,0,Jon Snow
664,0,1,1,1,1,0,1,1,1,0,1,1,1,Jaime Lannister
665,1,1,1,1,0,1,1,0,1,1,1,0,1,Bran Stark
666,0,0,0,0,0,0,1,1,1,0,1,1,0,Jon Snow
667,0,1,1,1,0,1,1,1,0,0,1,1,0,Bran Stark
668,0,1,1,0,0,1,1,1,1,0,1,1,0,Night King
669,0,0,1,1,0,1,1,1,1,0,1,1,0,Cersei Lannnister
670,0,1,1,1,0,0,1,0,1,0,0,1,0,Jon Snow
671,0,1,1,0,0,1,1,1,1,0,1,0,0,Night King
672,1,1,0,0,0,0,1,0,1,0,1,0,0,Cersei Lannnister
673,1,0,1,1,1,1,1,1,1,0,1,1,1,Jon Snow
674,0,1,1,1,1,0,0,1,0,1,0,1,1,Tyrion Lannister
675,0,1,0,0,1,0,1,1,1,1,1,0,0,Jaime Lannister
676,0,0,1,1,0,1,1,0,1,1,1,1,0,Jon Snow
677,1,0,1,1,1,1,1,1,1,0,0,1,0,Tyrion Lannister
678,1,0,1,1,0,1,1,1,1,1,1,0,0,Arya Stark
679,0,1,1,0,0,1,1,1,1,0,1,1,1,Jon Snow
680,0,1,1,1,0,1,1,1,1,0,1,0,0,Jon Snow
681,0,1,1,1,1,0,1,1,1,1,1,0,0,Daenerys Targaryen
682,0,1,1,1,1,1,1,0,1,0,0,1,0,Daenerys Targaryen
683,1,0,1,0,1,0,1,1,1,1,1,0,0,Daenerys Targaryen
684,0,1,1,1,1,1,1,1,1,0,1,1,0,Night King
685,0,1,1,1,0,1,1,0,1,0,1,0,1,Daenerys Targaryen
686,1,0,1,1,0,1,1,1,0,1,1,1,1,Daenerys Targaryen
687,0,1,1,1,0,1,1,0,0,0,1,0,0,Night King
688,0,1,1,1,1,1,1,1,1,1,1,0,0,Jaime Lannister
689,0,1,1,1,0,1,1,0,1,0,1,1,0,Arya Stark
690,0,1,1,0,1,0,1,1,1,0,1,0,0,Cersei Lannnister
691,0,0,1,1,1,1,0,0,1,1,1,1,0,Jon Snow
692,0,1,1,1,0,1,1,1,1,0,1,0,0,Cersei Lannnister
693,1,1,1,1,1,1,0,0,1,0,1,0,0,Cersei Lannnister
694,0,1,0,1,1,1,1,0,1,1,1,1,1,Jaime Lannister
695,0,1,1,1,1,1,0,1,1,1,1,0,1,Jon Snow
696,1,1,1,1,1,1,1,1,1,0,1,1,0,Sansa Stark
697,0,1,1,1,0,1,1,0,1,1,1,0,1,Daenerys Targaryen
698,0,1,1,1,0,1,1,1,0,0,1,0,0,Night King
699,1,0,1,1,0,1,1,1,0,0,1,1,0,Jon Snow
700,0,0,1,1,0,1,1,1,0,0,1,0,1,Sansa Stark
701,0,1,1,1,1,1,1,0,1,0,1,0,0,Daenerys Targaryen
702,0,1,1,1,0,1,1,1,1,0,0,1,0,Daenerys Targaryen
703,1,1,1,1,0,1,1,1,1,1,1,1,0,Jaime Lannister
704,1,0,0,1,0,1,1,0,1,0,1,0,0,Sansa Stark
705,1,1,1,0,0,1,1,0,1,0,0,0,0,Jon Snow
706,0,0,1,1,0,0,0,1,1,0,1,0,0,Daenerys Targaryen
707,1,1,1,1,1,1,1,1,1,0,1,1,0,Jon Snow
708,0,1,1,1,0,1,1,0,1,0,1,1,0,Daenerys Targaryen
709,0,1,1,1,1,0,1,1,1,0,0,0,1,Jon Snow
710,1,1,1,1,0,1,0,1,1,0,1,0,1,Jon Snow
711,0,1,1,0,1,1,0,1,0,1,1,0,0,Jon Snow
712,1,1,1,0,0,1,1,1,1,0,0,0,1,Jon Snow
713,0,1,1,1,0,1,1,1,0,0,1,1,0,Tyrion Lannister
714,0,1,0,1,1,1,0,1,1,0,1,0,0,Jon Snow
715,0,1,1,1,0,1,1,0,1,1,1,0,1,Jon Snow
716,0,1,1,1,0,1,1,1,1,0,1,0,1,Jon Snow
717,0,0,1,1,1,0,1,0,1,0,0,0,1,Daenerys Targaryen
718,1,1,1,1,1,1,1,0,1,0,1,0,0,Night King
719,0,0,0,1,0,1,1,0,1,0,1,0,0,Daenerys Targaryen
720,0,1,0,1,1,1,1,1,1,1,1,1,0,Bran Stark
721,1,1,1,0,0,1,1,0,1,1,0,1,0,Bran Stark
722,0,0,0,1,0,1,0,0,1,0,1,1,0,Jon Snow
723,0,1,1,1,0,1,1,1,1,0,1,0,0,Bran Stark
724,1,1,1,1,0,0,1,0,1,0,1,1,0,Jon Snow
725,0,1,1,1,1,1,1,1,1,0,1,1,1,Jon Snow
726,0,1,1,1,0,1,1,0,0,0,1,0,0,Bran Stark
727,0,0,1,0,1,0,1,1,1,0,1,0,0,Sansa Stark
728,0,0,0,1,0,1,1,1,1,0,1,1,1,Arya Stark
729,0,0,1,1,1,0,1,1,1,0,0,0,0,Jon Snow
730,1,0,1,1,1,1,0,0,0,0,1,0,0,Jon Snow
731,1,1,1,1,1,1,0,1,1,1,1,0,0,Jaime Lannister
732,1,1,1,1,1,1,1,0,1,0,1,0,0,Jon Snow
733,0,1,1,1,1,0,1,0,1,1,1,1,0,Jon Snow
734,1,1,0,1,0,1,1,1,1,1,1,1,1,Sansa Stark
735,1,0,1,1,0,0,1,0,1,1,1,1,1,Tyrion Lannister
736,0,1,1,1,1,0,1,1,0,0,1,0,0,Arya Stark
737,1,0,1,1,1,0,1,1,0,1,1,0,1,Jon Snow
738,0,1,1,1,0,1,1,1,1,0,0,0,0,Daenerys Targaryen
739,1,1,1,0,0,1,1,0,1,0,0,1,0,Tyrion Lannister
740,0,0,1,1,1,1,1,1,1,0,0,1,1,Night King
741,0,1,0,1,1,1,0,1,1,0,0,1,1,Tyrion Lannister
742,0,1,1,1,1,1,1,1,1,1,1,0,0,Jon Snow
743,0,1,1,1,0,1,1,1,1,0,1,0,0,Jon Snow
744,0,1,0,1,1,1,1,0,1,0,0,1,1,Tyrion Lannister
745,1,1,1,1,1,1,1,1,1,1,1,0,1,Tyrion Lannister
746,1,1,1,1,1,0,1,1,1,0,0,1,0,Jon Snow
747,0,0,1,1,0,1,0,1,1,0,0,1,0,Cersei Lannnister
748,0,0,1,1,0,1,0,0,1,0,0,0,1,Bran Stark
749,0,1,1,0,0,1,1,1,1,1,1,0,1,Night King
750,0,0,1,1,0,1,0,0,1,1,0,1,1,Jon Snow
751,0,1,1,1,0,1,1,1,0,1,1,1,0,Daenerys Targaryen
752,0,1,1,1,0,0,1,0,1,1,1,0,1,Tyrion Lannister
753,0,1,1,1,1,1,1,0,1,1,1,1,1,Daenerys Targaryen
754,0,1,1,1,1,1,1,1,1,0,1,0,0,Cersei Lannnister
755,0,1,1,1,0,0,1,0,1,0,1,1,0,Jon Snow
756,0,1,1,0,0,1,1,1,1,1,1,1,0,Tyrion Lannister
757,0,1,1,1,0,0,1,0,1,1,0,0,0,Cersei Lannnister
758,0,1,1,1,1,1,1,1,1,0,1,0,0,Night King
759,0,1,1,1,0,1,1,0,1,0,1,0,0,Jon Snow
760,0,1,1,1,0,1,1,1,1,0,0,1,0,Daenerys Targaryen
761,0,1,1,1,1,0,0,1,1,1,1,1,0,Jaime Lannister
762,1,1,1,1,1,0,1,0,1,0,1,1,1,Jon Snow
763,0,1,1,0,0,0,1,0,1,0,1,0,1,Daenerys Targaryen
764,0,1,1,1,1,1,1,1,1,0,1,1,1,Daenerys Targaryen
765,0,0,1,1,1,1,1,1,1,0,1,1,0,Jon Snow
766,0,1,1,1,1,1,1,1,1,1,0,1,0,Tyrion Lannister
767,0,1,1,1,1,1,0,0,1,0,0,1,0,Tyrion Lannister
768,0,1,1,1,1,1,1,1,1,0,0,1,0,Cersei Lannnister
769,1,1,1,1,1,1,1,0,1,0,1,0,0,Jaime Lannister
770,1,1,1,1,0,1,1,1,1,0,1,1,0,Cersei Lannnister
771,0,1,1,1,1,0,1,1,1,1,1,0,0,Jon Snow
772,0,1,0,1,1,0,1,0,0,1,0,0,0,Night King
773,0,1,1,1,0,1,0,0,1,1,1,1,0,Jaime Lannister
774,0,1,1,1,1,1,1,0,1,0,0,0,0,Arya Stark
775,0,0,1,0,1,1,1,0,1,0,1,0,0,Cersei Lannnister
776,0,1,1,1,1,0,0,0,1,0,0,0,0,other
777,0,0,1,1,1,0,1,1,1,0,0,1,1,Sansa Stark
778,0,1,0,1,0,1,1,0,1,0,0,1,0,Night King
779,1,1,1,0,0,0,1,1,1,0,1,1,1,Jon Snow
780,1,0,1,1,0,1,1,1,1,0,1,0,0,Jon Snow
781,0,1,1,0,0,1,1,1,1,1,1,1,0,Jon Snow
782,0,0,1,1,0,1,1,0,1,0,0,0,0,Jon Snow
783,1,0,0,1,0,1,1,1,1,0,1,0,0,Tyrion Lannister
784,1,1,1,0,0,0,1,1,0,1,1,1,1,Tyrion Lannister
785,0,1,1,1,0,1,1,0,1,1,1,0,0,Tyrion Lannister
786,0,1,1,1,0,1,1,1,1,0,1,0,0,Night King
787,0,1,1,0,1,1,1,1,1,0,1,0,0,Arya Stark
788,0,0,1,0,1,0,0,1,1,0,1,1,0,Jaime Lannister
789,1,1,1,0,1,1,1,1,1,0,1,1,0,Tyrion Lannister
790,0,1,1,0,1,1,1,1,1,0,1,0,1,Arya Stark
791,0,0,1,0,0,1,1,0,1,1,1,1,1,Night King
792,0,1,1,0,0,0,1,0,1,0,1,1,0,Cersei Lannnister
793,0,1,1,0,0,1,1,0,1,0,1,0,1,Night King
794,0,1,0,0,0,1,1,1,1,1,1,0,1,Jon Snow
795,0,1,0,0,1,0,1,1,1,0,1,1,1,Jaime Lannister
796,0,1,0,0,0,1,0,1,1,0,1,1,0,Daenerys Targaryen
797,1,1,0,0,1,0,1,0,1,0,1,1,0,Jon Snow
798,1,1,1,0,1,0,1,1,1,1,0,1,1,Daenerys Targaryen
799,0,1,1,0,1,0,1,0,1,0,1,0,0,Jon Snow
800,0,1,1,0,0,0,1,1,1,0,0,1,0,Tyrion Lannister
801,0,1,1,0,1,0,1,1,1,1,1,1,0,Night King
802,0,1,1,0,1,1,1,1,1,0,1,0,1,Jon Snow
803,0,1,1,0,1,1,1,0,1,1,1,0,0,Tyrion Lannister
804,0,1,1,0,0,1,1,1,1,0,1,1,1,Sansa Stark
805,0,0,1,0,0,1,1,1,1,1,0,1,1,Jon Snow
806,0,1,1,0,1,1,1,1,0,1,1,0,0,Jon Snow
807,0,1,1,0,0,1,1,1,1,1,1,1,0,Jon Snow
808,0,1,1,1,1,0,1,1,1,1,1,0,0,Jon Snow
809,1,1,0,0,1,1,0,1,1,0,1,1,0,Bran Stark
810,0,1,1,0,1,1,1,0,1,1,1,0,0,Cersei Lannnister
811,1,1,1,1,0,1,0,1,1,0,1,0,1,Arya Stark
812,0,1,1,0,1,1,1,1,1,0,0,1,0,Sansa Stark
813,0,1,1,1,0,0,1,1,1,0,1,1,0,Jon Snow
814,0,1,1,1,1,1,1,0,1,1,0,1,1,Arya Stark
815,0,1,1,1,0,1,1,1,1,0,1,1,1,Bran Stark
816,0,1,1,0,0,1,1,1,1,0,1,1,0,Cersei Lannnister
817,0,1,1,1,0,0,1,1,1,1,1,0,1,Jon Snow
818,0,1,0,0,0,1,0,1,1,1,0,1,0,Tyrion Lannister
819,0,0,1,1,0,1,1,1,1,0,0,1,1,Jon Snow
820,0,1,1,0,1,0,1,1,1,0,0,1,0,Arya Stark
821,0,0,1,0,0,1,1,1,1,1,1,1,0,Night King
822,0,1,1,0,1,1,1,1,1,0,1,1,0,Jon Snow
823,0,1,1,0,1,1,1,1,1,0,1,1,0,Tyrion Lannister
824,0,1,0,0,0,1,1,1,1,0,0,1,0,Jon Snow
825,0,1,1,1,0,1,1,0,1,0,1,1,1,Sansa Stark
826,0,1,1,0,0,1,1,1,1,0,1,1,1,Daenerys Targaryen
827,0,0,1,1,1,1,1,1,1,1,1,1,0,Jaime Lannister
828,0,1,1,1,1,1,1,1,0,1,1,0,0,Daenerys Targaryen
829,0,0,1,0,1,1,1,1,1,1,1,1,1,Daenerys Targaryen
830,0,1,1,0,0,1,0,1,1,0,1,0,0,Jaime Lannister
831,0,1,0,0,1,1,1,0,1,1,1,0,0,Jon Snow
832,0,1,1,1,0,1,1,1,1,0,0,0,0,Jon Snow
833,0,1,1,1,0,0,1,0,1,0,1,0,0,Cersei Lannnister
834,0,0,1,1,0,1,1,1,1,1,1,1,1,Sansa Stark
835,0,1,1,0,0,1,1,0,1,1,1,0,1,Arya Stark
836,0,1,1,1,1,1,1,0,0,0,1,1,0,Tyrion Lannister
837,0,0,1,0,1,1,1,1,1,1,1,1,0,Night King
838,1,1,1,0,0,0,1,0,0,1,1,1,0,Jon Snow
839,0,1,1,0,1,1,1,1,1,1,1,1,0,Tyrion Lannister
840,0,1,1,0,1,1,1,1,1,1,1,1,0,Sansa Stark
841,1,1,1,1,1,1,1,1,1,0,0,0,0,Sansa Stark
842,1,1,1,1,0,1,0,1,1,0,1,1,0,Jon Snow
843,1,1,1,0,0,1,1,0,1,1,0,1,0,Jon Snow
844,0,1,1,1,0,1,1,1,1,0,0,1,0,Daenerys Targaryen
845,0,1,1,1,1,1,1,1,1,0,1,0,0,Night King
846,1,1,0,1,1,1,1,1,1,0,0,0,0,Jon Snow
847,0,1,1,0,0,1,1,0,1,1,0,1,0,Night King
848,1,0,0,0,1,1,1,0,1,0,1,1,0,Sansa Stark
849,0,1,0,0,0,1,1,1,1,0,1,1,0,Tyrion Lannister
850,0,0,1,1,1,1,0,1,1,0,0,1,1,Jon Snow
851,0,1,1,1,1,1,1,1,1,0,0,0,0,Arya Stark
852,0,1,1,0,0,1,1,0,1,1,1,0,0,Night King
853,0,1,1,1,0,1,1,0,1,0,1,0,1,Daenerys Targaryen
854,0,1,1,0,0,1,1,1,1,0,1,1,1,Jon Snow
855,0,0,1,1,0,1,1,0,1,1,0,1,0,Tyrion Lannister
856,0,1,0,1,1,0,1,1,1,1,0,1,0,Tyrion Lannister
857,0,1,1,0,0,1,1,0,1,0,0,0,0,Jaime Lannister
858,1,1,1,0,1,1,0,0,1,0,1,1,0,Bran Stark
859,0,1,1,0,0,0,1,1,1,0,0,1,0,Jon Snow
860,0,1,1,0,0,1,1,1,1,1,1,1,0,Sansa Stark
861,0,0,1,1,0,1,1,1,1,1,1,1,0,Cersei Lannnister
862,1,1,1,0,0,1,0,1,1,0,1,1,0,Bran Stark
863,0,1,1,1,0,0,1,1,1,0,1,0,0,Sansa Stark
864,0,1,1,0,1,1,1,0,1,1,1,0,0,Jaime Lannister
865,0,1,1,0,1,1,0,1,1,0,1,1,1,Jon Snow
866,1,0,0,0,0,1,1,1,1,0,1,1,1,Daenerys Targaryen
867,0,0,1,0,0,1,1,0,1,0,1,1,0,Jaime Lannister
868,0,1,1,0,0,1,1,0,1,0,1,1,0,Jon Snow
869,0,1,0,1,0,1,1,0,1,0,1,1,0,Night King
870,0,1,1,1,0,1,1,0,1,1,1,1,0,Night King
871,0,1,1,0,1,1,1,0,1,1,1,1,0,Arya Stark
872,0,0,1,0,1,1,1,0,1,0,0,1,0,Tyrion Lannister
873,1,1,0,0,1,1,1,1,1,0,1,1,0,Night King
874,0,0,1,0,1,0,1,1,1,1,0,1,1,Daenerys Targaryen
875,0,0,1,0,1,1,1,0,0,0,1,0,1,Night King
876,0,1,1,1,0,1,1,1,1,0,1,1,0,Arya Stark
877,1,1,1,1,1,1,1,0,1,0,0,1,0,Cersei Lannnister
878,1,0,0,1,1,1,1,1,0,0,1,0,1,Daenerys Targaryen
879,1,1,1,1,1,1,1,1,1,1,0,0,1,Arya Stark
880,0,1,1,0,0,1,0,0,1,0,1,1,0,other
881,0,1,1,0,0,1,1,1,1,0,1,1,0,Daenerys Targaryen
882,1,1,1,0,1,1,0,1,1,0,1,1,0,Jon Snow
883,1,1,0,0,0,0,1,0,1,0,0,1,1,Jon Snow
884,0,1,1,0,0,0,1,1,1,0,1,0,0,Jon Snow
885,0,1,1,0,1,0,1,1,1,0,0,1,0,Tyrion Lannister
886,0,1,0,0,0,0,1,1,0,0,0,1,0,Jaime Lannister
887,1,1,0,0,0,1,1,1,1,1,1,1,1,Night King
888,0,1,1,0,0,1,1,1,1,0,1,1,0,Sansa Stark
889,0,1,1,0,1,1,1,0,0,0,1,1,1,Daenerys Targaryen
890,0,1,1,0,0,1,0,1,1,0,0,0,0,Sansa Stark
891,0,1,0,0,0,1,1,0,0,0,0,1,0,Cersei Lannnister
892,0,1,1,0,1,0,0,1,1,0,0,0,0,Night King
893,0,1,0,1,1,1,1,0,1,0,0,1,0,Arya Stark
894,1,1,1,1,0,1,1,1,1,1,0,1,0,Cersei Lannnister
895,0,1,1,1,0,1,1,1,1,0,0,1,0,Bran Stark
896,0,0,1,1,0,1,1,1,1,0,0,0,1,Daenerys Targaryen
897,0,1,1,1,1,1,1,1,1,0,0,0,1,Jon Snow
898,1,1,1,1,1,1,1,1,1,0,0,0,0,Jon Snow
899,0,1,1,0,1,0,1,0,1,1,1,0,0,Jon Snow
900,1,1,1,1,1,1,1,1,1,0,1,0,0,Jon Snow
901,0,1,1,1,1,1,1,0,1,0,1,1,0,Cersei Lannnister
902,0,0,1,1,1,1,0,1,1,0,0,0,1,Night King
903,1,1,1,0,1,0,0,1,1,1,1,0,0,Cersei Lannnister
904,0,0,1,1,1,1,1,0,1,1,0,1,0,Jon Snow
905,0,1,1,1,0,1,1,1,0,0,0,1,1,Daenerys Targaryen
906,1,0,0,0,1,0,1,1,1,0,1,0,0,Cersei Lannnister
907,0,1,1,1,0,1,1,0,1,1,1,1,0,Jaime Lannister
908,0,1,1,1,1,1,1,0,1,0,1,1,0,Night King
909,1,1,1,1,1,1,1,0,1,1,1,0,0,Tyrion Lannister
910,0,1,1,0,0,0,1,1,0,1,1,1,0,Arya Stark
911,1,0,1,1,0,1,1,0,1,1,1,1,0,Jon Snow
912,0,0,1,1,1,1,0,1,1,0,1,1,0,Night King
913,0,0,1,0,1,0,1,0,1,0,0,1,1,Daenerys Targaryen
914,0,1,1,0,0,0,1,1,1,0,0,0,0,Jon Snow
915,0,1,1,1,1,1,1,1,1,1,0,0,0,Arya Stark
916,0,1,0,1,0,1,1,0,1,0,0,1,0,Arya Stark
917,0,1,1,1,0,1,1,0,1,0,1,1,1,Tyrion Lannister
918,1,1,1,1,1,1,1,1,1,0,1,1,0,Night King
919,0,1,0,0,0,1,1,1,1,0,1,0,0,Daenerys Targaryen
920,0,1,1,0,1,1,1,0,1,0,1,1,0,Jon Snow
921,0,1,0,1,1,1,1,1,1,1,1,0,0,Sansa Stark
922,1,1,1,0,0,0,1,1,1,0,1,0,0,Daenerys Targaryen
923,0,0,0,1,1,1,1,1,1,1,0,1,1,Tyrion Lannister
924,1,0,1,0,0,1,1,1,1,0,1,0,0,Sansa Stark
925,1,1,1,1,1,0,1,1,1,1,1,0,0,Jon Snow
926,0,0,1,1,1,0,1,0,1,1,1,0,1,Jon Snow
927,1,1,1,1,0,0,1,0,1,0,0,1,1,Sansa Stark
928,0,1,1,1,1,1,1,1,1,0,1,1,0,Night King
929,0,1,1,1,1,1,1,1,1,1,1,1,0,Arya Stark
930,0,1,1,0,1,1,1,1,1,0,1,1,0,Jon Snow
931,0,1,1,0,1,1,1,1,1,0,0,0,0,Jon Snow
932,1,1,1,1,1,1,1,1,1,0,1,1,0,Cersei Lannnister
933,1,1,1,0,0,1,1,0,0,0,1,1,1,Jon Snow
934,0,1,1,1,1,1,1,1,0,0,1,0,0,Bran Stark
935,1,1,1,0,1,0,1,1,1,0,1,0,0,Tyrion Lannister
936,1,1,1,0,0,0,1,0,1,1,1,1,1,Jon Snow
937,0,1,1,0,0,1,1,0,1,1,0,1,1,other
938,1,0,0,1,0,0,1,0,1,0,0,1,0,Sansa Stark
939,1,1,1,0,1,1,1,1,1,1,0,1,1,Sansa Stark
940,1,1,1,1,0,0,1,1,1,0,0,1,1,Arya Stark
941,1,1,1,0,0,1,1,1,1,0,0,1,1,Daenerys Targaryen
942,1,1,0,1,1,1,0,1,1,1,0,0,0,Tyrion Lannister
943,0,1,1,1,0,0,1,0,1,0,1,1,0,Tyrion Lannister
944,0,1,1,1,1,0,1,0,1,0,0,1,1,Jaime Lannister
